Applicants,Detail_id
798,5000
290,5001
258,5002
425,5003
787,5004
705,5005
255,5006
656,5007
231,5008
245,5009
592,5010
788,5011
794,5012
418,5013
411,5014
340,5015
637,5016
762,5017
576,5018
643,5019
533,5020
289,5021
711,5022
709,5023
281,5024
561,5025
361,5026
340,5027
757,5028
132,5029
375,5030
239,5031
534,5032
519,5033
727,5034
189,5035
395,5036
354,5037
784,5038
566,5039
788,5040
681,5041
735,5042
749,5043
65,5044
47,5045
665,5046
44,5047
85,5048
467,5049
335,5050
172,5051
605,5052
498,5053
72,5054
402,5055
453,5056
131,5057
256,5058
320,5059
789,5060
71,5061
259,5062
193,5063
579,5064
232,5065
555,5066
349,5067
26,5068
476,5069
119,5070
277,5071
200,5072
452,5073
765,5074
266,5075
747,5076
135,5077
667,5078
229,5079
168,5080
701,5081
59,5082
220,5083
509,5084
577,5085
512,5086
255,5087
190,5088
345,5089
90,5090
768,5091
214,5092
527,5093
365,5094
235,5095
395,5096
564,5097
150,5098
402,5099
195,5100
598,5101
691,5102
176,5103
102,5104
664,5105
614,5106
623,5107
92,5108
191,5109
375,5110
637,5111
151,5112
441,5113
519,5114
577,5115
728,5116
645,5117
405,5118
35,5119
748,5120
73,5121
72,5122
483,5123
315,5124
641,5125
582,5126
41,5127
597,5128
126,5129
283,5130
33,5131
235,5132
114,5133
281,5134
653,5135
630,5136
115,5137
547,5138
356,5139
779,5140
790,5141
147,5142
555,5143
564,5144
415,5145
321,5146
508,5147
427,5148
744,5149
327,5150
265,5151
217,5152
447,5153
612,5154
276,5155
495,5156
161,5157
105,5158
140,5159
85,5160
259,5161
776,5162
394,5163
234,5164
395,5165
66,5166
102,5167
239,5168
484,5169
633,5170
578,5171
184,5172
784,5173
312,5174
343,5175
513,5176
276,5177
759,5178
265,5179
607,5180
336,5181
462,5182
779,5183
117,5184
721,5185
22,5186
547,5187
797,5188
334,5189
731,5190
68,5191
163,5192
790,5193
445,5194
316,5195
670,5196
373,5197
732,5198
711,5199
390,5200
389,5201
372,5202
477,5203
490,5204
463,5205
579,5206
790,5207
337,5208
705,5209
153,5210
197,5211
705,5212
185,5213
654,5214
53,5215
556,5216
459,5217
353,5218
732,5219
310,5220
192,5221
33,5222
713,5223
572,5224
712,5225
507,5226
630,5227
367,5228
690,5229
97,5230
348,5231
301,5232
304,5233
661,5234
252,5235
711,5236
240,5237
257,5238
680,5239
214,5240
407,5241
532,5242
270,5243
649,5244
47,5245
618,5246
294,5247
679,5248
285,5249
557,5250
706,5251
692,5252
692,5253
752,5254
504,5255
637,5256
95,5257
337,5258
684,5259
777,5260
157,5261
121,5262
655,5263
609,5264
339,5265
725,5266
46,5267
86,5268
53,5269
314,5270
230,5271
268,5272
351,5273
751,5274
566,5275
348,5276
53,5277
431,5278
309,5279
663,5280
266,5281
263,5282
646,5283
514,5284
199,5285
437,5286
381,5287
707,5288
778,5289
505,5290
203,5291
273,5292
783,5293
324,5294
599,5295
104,5296
410,5297
426,5298
575,5299
405,5300
249,5301
276,5302
691,5303
27,5304
432,5305
23,5306
88,5307
150,5308
480,5309
445,5310
138,5311
540,5312
556,5313
432,5314
251,5315
245,5316
298,5317
295,5318
301,5319
246,5320
545,5321
534,5322
329,5323
729,5324
22,5325
757,5326
208,5327
219,5328
652,5329
324,5330
74,5331
413,5332
103,5333
362,5334
167,5335
338,5336
142,5337
100,5338
110,5339
279,5340
790,5341
150,5342
689,5343
148,5344
313,5345
204,5346
738,5347
300,5348
137,5349
308,5350
710,5351
427,5352
784,5353
767,5354
617,5355
500,5356
264,5357
795,5358
181,5359
380,5360
415,5361
669,5362
502,5363
420,5364
600,5365
555,5366
461,5367
369,5368
574,5369
552,5370
769,5371
105,5372
726,5373
512,5374
108,5375
460,5376
361,5377
254,5378
306,5379
46,5380
609,5381
446,5382
358,5383
540,5384
484,5385
138,5386
536,5387
389,5388
64,5389
208,5390
657,5391
799,5392
656,5393
739,5394
744,5395
733,5396
593,5397
778,5398
177,5399
110,5400
113,5401
272,5402
458,5403
794,5404
684,5405
777,5406
703,5407
704,5408
24,5409
229,5410
650,5411
52,5412
478,5413
452,5414
500,5415
93,5416
723,5417
506,5418
33,5419
786,5420
314,5421
36,5422
190,5423
416,5424
513,5425
90,5426
799,5427
617,5428
535,5429
334,5430
507,5431
60,5432
452,5433
524,5434
561,5435
94,5436
266,5437
463,5438
350,5439
193,5440
422,5441
499,5442
495,5443
580,5444
444,5445
527,5446
173,5447
240,5448
689,5449
473,5450
395,5451
681,5452
508,5453
656,5454
733,5455
471,5456
337,5457
431,5458
776,5459
320,5460
93,5461
143,5462
511,5463
535,5464
304,5465
57,5466
200,5467
367,5468
432,5469
354,5470
746,5471
497,5472
226,5473
653,5474
355,5475
182,5476
371,5477
478,5478
243,5479
800,5480
69,5481
678,5482
534,5483
388,5484
671,5485
539,5486
329,5487
659,5488
465,5489
178,5490
59,5491
657,5492
184,5493
319,5494
595,5495
640,5496
394,5497
737,5498
30,5499
748,5500
736,5501
416,5502
146,5503
702,5504
458,5505
463,5506
322,5507
458,5508
